-- phpMyAdmin SQL Dump
-- version 4.7.4
-- https://www.phpmyadmin.net/
--
-- Host: 127.0.0.1
-- Generation Time: Feb 28, 2024 at 08:31 AM
-- Server version: 10.1.29-MariaDB
-- PHP Version: 7.2.0

SET SQL_MODE = "NO_AUTO_VALUE_ON_ZERO";
SET AUTOCOMMIT = 0;
START TRANSACTION;
SET time_zone = "+00:00";


/*!40101 SET @OLD_CHARACTER_SET_CLIENT=@@CHARACTER_SET_CLIENT */;
/*!40101 SET @OLD_CHARACTER_SET_RESULTS=@@CHARACTER_SET_RESULTS */;
/*!40101 SET @OLD_COLLATION_CONNECTION=@@COLLATION_CONNECTION */;
/*!40101 SET NAMES utf8mb4 */;

--
-- Database: `db_bookstore`
--

-- --------------------------------------------------------

--
-- Table structure for table `barang`
--

CREATE TABLE `barang` (
  `kdBarang` char(8) NOT NULL,
  `idKategori` int(11) NOT NULL,
  `namaBarang` varchar(64) NOT NULL,
  `harga` int(11) NOT NULL,
  `stok` int(11) NOT NULL
) ENGINE=InnoDB DEFAULT CHARSET=utf8mb4;

--
-- Dumping data for table `barang`
--

INSERT INTO `barang` (`kdBarang`, `idKategori`, `namaBarang`, `harga`, `stok`) VALUES
('B2400001', 9, 'dilan 1990', 76000, 198),
('B2400002', 10, 'timun mas', 35000, 149),
('B2400004', 9, 'filosofi teras', 60000, 70),
('B2400005', 9, 'Laut bercerita', 79000, 58),
('B2400006', 10, 'sangkuriang', 25000, 18);

-- --------------------------------------------------------

--
-- Table structure for table `kategori`
--

CREATE TABLE `kategori` (
  `idKategori` int(11) NOT NULL,
  `namaKategori` varchar(32) NOT NULL
) ENGINE=InnoDB DEFAULT CHARSET=utf8mb4;

--
-- Dumping data for table `kategori`
--

INSERT INTO `kategori` (`idKategori`, `namaKategori`) VALUES
(9, 'novel'),
(10, 'dongeng');

-- --------------------------------------------------------

--
-- Table structure for table `keranjang`
--

CREATE TABLE `keranjang` (
  `noItem` int(11) NOT NULL,
  `kdBarang` char(10) NOT NULL,
  `idUser` char(4) NOT NULL,
  `qty` int(11) NOT NULL
) ENGINE=InnoDB DEFAULT CHARSET=utf8mb4;

--
-- Triggers `keranjang`
--
DELIMITER $$
CREATE TRIGGER `kurangi_stok` AFTER INSERT ON `keranjang` FOR EACH ROW UPDATE barang SET stok = stok - NEW.qty WHERE barang.kdBarang = NEW.kdBarang
$$
DELIMITER ;

-- --------------------------------------------------------

--
-- Table structure for table `transaksi`
--

CREATE TABLE `transaksi` (
  `idTransaksi` char(10) NOT NULL,
  `tanggal` date NOT NULL,
  `idUser` char(4) NOT NULL,
  `namaPelanggan` varchar(64) NOT NULL,
  `alamatPelanggan` varchar(128) NOT NULL,
  `totalHarga` int(11) NOT NULL,
  `uangBayar` int(11) NOT NULL,
  `kembalian` int(11) NOT NULL
) ENGINE=InnoDB DEFAULT CHARSET=utf8mb4;

--
-- Dumping data for table `transaksi`
--

INSERT INTO `transaksi` (`idTransaksi`, `tanggal`, `idUser`, `namaPelanggan`, `alamatPelanggan`, `totalHarga`, `uangBayar`, `kembalian`) VALUES
('T240224001', '2024-02-24', 'U003', 'zea', 'kuningan', 193000, 200000, 7000),
('T240228001', '2024-02-28', 'U003', 'dito', 'kuningan', 50000, 50000, 0);

-- --------------------------------------------------------

--
-- Table structure for table `transaksi_detail`
--

CREATE TABLE `transaksi_detail` (
  `idTransaksi` char(10) NOT NULL,
  `kdBarang` char(8) NOT NULL,
  `qty` int(11) NOT NULL,
  `subtotal` int(11) NOT NULL
) ENGINE=InnoDB DEFAULT CHARSET=utf8mb4;

--
-- Dumping data for table `transaksi_detail`
--

INSERT INTO `transaksi_detail` (`idTransaksi`, `kdBarang`, `qty`, `subtotal`) VALUES
('T240224001', 'B2400005', 2, 158000),
('T240224001', 'B2400002', 1, 35000),
('T240228001', 'B2400006', 2, 50000);

-- --------------------------------------------------------

--
-- Table structure for table `user`
--

CREATE TABLE `user` (
  `idUser` char(4) NOT NULL,
  `username` varchar(15) NOT NULL,
  `password` varchar(128) NOT NULL,
  `level` enum('administrator','petugas','kepala toko') NOT NULL,
  `nama` varchar(64) NOT NULL,
  `noTelp` varchar(20) NOT NULL,
  `foto` varchar(128) NOT NULL
) ENGINE=InnoDB DEFAULT CHARSET=utf8mb4;

--
-- Dumping data for table `user`
--

INSERT INTO `user` (`idUser`, `username`, `password`, `level`, `nama`, `noTelp`, `foto`) VALUES
('U001', 'admin', '$2y$10$R/ZJxF0U31Uq4IXhfMVE6OSG1h2efszpNiZP1RjRI9ifShCAU//Cy', 'administrator', 'Super Admin', '081212830909', 'c1b9b51347a0f82814a433282c601311.png'),
('U003', 'petugas', '$2y$10$w5ia3qILfNonBinHFYgTguikApWambwKwi1.2IdGegCfBcGHukJvK', 'petugas', 'zehra', '082354697', 'd6d3aa533d0e093ae9b5f6f5c7cc52c0.png'),
('U004', 'owner', '$2y$10$sbNT41/ZI2N1d90sxst/PesP/tzSVzCkp0uKxEkhLnXsY52/LRNVC', 'kepala toko', 'adam', '084563287', '4b4442a19354523a23d777e7e442882d.png');

--
-- Indexes for dumped tables
--

--
-- Indexes for table `barang`
--
ALTER TABLE `barang`
  ADD PRIMARY KEY (`kdBarang`),
  ADD KEY `idKategori` (`idKategori`);

--
-- Indexes for table `kategori`
--
ALTER TABLE `kategori`
  ADD PRIMARY KEY (`idKategori`);

--
-- Indexes for table `keranjang`
--
ALTER TABLE `keranjang`
  ADD PRIMARY KEY (`noItem`),
  ADD KEY `kdBarang` (`kdBarang`);

--
-- Indexes for table `transaksi`
--
ALTER TABLE `transaksi`
  ADD PRIMARY KEY (`idTransaksi`),
  ADD KEY `idUser` (`idUser`);

--
-- Indexes for table `transaksi_detail`
--
ALTER TABLE `transaksi_detail`
  ADD KEY `idTransaksi` (`idTransaksi`),
  ADD KEY `kdBarang` (`kdBarang`);

--
-- Indexes for table `user`
--
ALTER TABLE `user`
  ADD PRIMARY KEY (`idUser`);

--
-- AUTO_INCREMENT for dumped tables
--

--
-- AUTO_INCREMENT for table `kategori`
--
ALTER TABLE `kategori`
  MODIFY `idKategori` int(11) NOT NULL AUTO_INCREMENT, AUTO_INCREMENT=11;

--
-- Constraints for dumped tables
--

--
-- Constraints for table `barang`
--
ALTER TABLE `barang`
  ADD CONSTRAINT `barang_ibfk_1` FOREIGN KEY (`idKategori`) REFERENCES `kategori` (`idKategori`);

--
-- Constraints for table `keranjang`
--
ALTER TABLE `keranjang`
  ADD CONSTRAINT `keranjang_ibfk_1` FOREIGN KEY (`kdBarang`) REFERENCES `barang` (`kdBarang`);

--
-- Constraints for table `transaksi`
--
ALTER TABLE `transaksi`
  ADD CONSTRAINT `transaksi_ibfk_1` FOREIGN KEY (`idUser`) REFERENCES `user` (`idUser`);

--
-- Constraints for table `transaksi_detail`
--
ALTER TABLE `transaksi_detail`
  ADD CONSTRAINT `transaksi_detail_ibfk_2` FOREIGN KEY (`kdBarang`) REFERENCES `barang` (`kdBarang`),
  ADD CONSTRAINT `transaksi_detail_ibfk_3` FOREIGN KEY (`idTransaksi`) REFERENCES `transaksi` (`idTransaksi`) ON DELETE CASCADE ON UPDATE CASCADE;
COMMIT;

/*!40101 SET CHARACTER_SET_CLIENT=@OLD_CHARACTER_SET_CLIENT */;
/*!40101 SET CHARACTER_SET_RESULTS=@OLD_CHARACTER_SET_RESULTS */;
/*!40101 SET COLLATION_CONNECTION=@OLD_COLLATION_CONNECTION */;
